{
  "version": "0.1.0",
  "features": [
    "age",
    "monthly_income",
    "cibil",
    "dti",
    "existing_loans",
    "dpd_30plus_last_12m",
    "employment_salaried",
    "employment_self_employed",
    "loan_to_income",
    "city_tier"
  ],
  "test_auc": 0.6821,
  "scaler": {
    "mean": [
      39.8724375,
      50782.208125,
      718.6869375,
      0.1354511876235192,
      0.931875,
      0.216375,
      0.697,
      0.303,
      0.8292168126692996,
      1.8066875
    ],
    "scale": [
      11.252084931628888,
      26876.040065591944,
      70.02550824071965,
      0.1790642135249233,
      1.0777796548343783,
      0.5627449327848089,
      0.4595552197505602,
      0.4595552197505602,
      0.38394489733220927,
      0.8135218358124373
    ]
  }
}